Page	Dutch	English	Enggano	Year	Source
126	mensch	person	etakka	1870	Francis
126	mensch	person	tako	1855	vdStraaten_Severijn
126	mensch	person	taka	1855	vonRosenberg
126	mensch	person		1854	Boewang
126	man	man	emane	1870	Francis
126	man	man		1855	vdStraaten_Severijn
126	man	man		1855	vonRosenberg
126	man	man		1854	Boewang
126	vrouw	woman	ehoda	1870	Francis
126	vrouw	woman		1855	vdStraaten_Severijn
126	vrouw	woman		1855	vonRosenberg
126	vrouw	woman		1854	Boewang
126	kind	child	famoa	1870	Francis
126	kind	child		1855	vdStraaten_Severijn
126	kind	child		1855	vonRosenberg
126	kind	child		1854	Boewang
126	getrouwd man	married man		1870	Francis
126	getrouwd man	married man		1855	vdStraaten_Severijn
126	getrouwd man	married man		1855	vonRosenberg
126	getrouwd man	married man	pada doeawa	1854	Boewang
126	getrouwde vrouw	married woman		1870	Francis
126	getrouwde vrouw	married woman		1855	vdStraaten_Severijn
126	getrouwde vrouw	married woman		1855	vonRosenberg
126	getrouwde vrouw	married woman	hoenawa	1854	Boewang
126	weduwnaar	widower		1870	Francis
126	weduwnaar	widower		1855	vdStraaten_Severijn
126	weduwnaar	widower	koelija	1855	vonRosenberg
126	weduwnaar	widower		1854	Boewang
126	oude man	old man	ekafoe	1870	Francis
126	oude man	old man		1855	vdStraaten_Severijn
126	oude man	old man		1855	vonRosenberg
126	oude man	old man		1854	Boewang
126	oude vrouw	old woman	kaniejahe	1870	Francis
126	oude vrouw	old woman		1855	vdStraaten_Severijn
126	oude vrouw	old woman		1855	vonRosenberg
126	oude vrouw	old woman		1854	Boewang
126	ongetrouwde vrouw	married woman	amimi	1870	Francis
126	ongetrouwde vrouw	married woman	amiemie	1855	vdStraaten_Severijn
126	ongetrouwde vrouw	married woman		1855	vonRosenberg
126	ongetrouwde vrouw	married woman		1854	Boewang
126	maagd, meisje	virgin, girl	efainama	1870	Francis
126	maagd, meisje	virgin, girl		1855	vdStraaten_Severijn
126	maagd, meisje	virgin, girl	hamini	1855	vonRosenberg
126	maagd, meisje	virgin, girl		1854	Boewang
126	jongen, jongmensch	youth, young man	fananamie	1870	Francis
126	jongen, jongmensch	youth, young man		1855	vdStraaten_Severijn
126	jongen, jongmensch	youth, young man	adoedoe	1855	vonRosenberg
126	jongen, jongmensch	youth, young man		1854	Boewang
126	vader	father	amama	1870	Francis
126	vader	father	amamma	1855	vdStraaten_Severijn
126	vader	father	ama ama	1855	vonRosenberg
126	vader	father	awa mamma	1854	Boewang
126	moeder	mother	naina	1870	Francis
126	moeder	mother		1855	vdStraaten_Severijn
126	moeder	mother	kabijoe	1855	vonRosenberg
126	moeder	mother	oeka bioe	1854	Boewang
126	kind	child	ejara	1870	Francis
126	kind	child	adoedoe	1855	vdStraaten_Severijn
126	kind	child	gadoedoe	1855	vonRosenberg
126	kind	child		1854	Boewang
126	zoon	son	ejara emane	1870	Francis
126	zoon	son		1855	vdStraaten_Severijn
126	zoon	son		1855	vonRosenberg
126	zoon	son		1854	Boewang
126	dochter	daughter	ejara ehoda	1870	Francis
126	dochter	daughter		1855	vdStraaten_Severijn
126	dochter	daughter		1855	vonRosenberg
126	dochter	daughter		1854	Boewang
126	broeder	brother		1870	Francis
126	broeder	brother	djoha adoedie	1855	vdStraaten_Severijn
126	broeder	brother		1855	vonRosenberg
126	broeder	brother		1854	Boewang
126	zuster	sister		1870	Francis
126	zuster	sister	kaijo kanimie	1855	vdStraaten_Severijn
126	zuster	sister		1855	vonRosenberg
126	zuster	sister		1854	Boewang
126	gezusters	sisters		1870	Francis
126	gezusters	sisters		1855	vdStraaten_Severijn
126	gezusters	sisters	padjehoi	1855	vonRosenberg
126	gezusters	sisters		1854	Boewang
126	grootouder	grandparent	oefoenai	1870	Francis
126	grootouder	grandparent		1855	vdStraaten_Severijn
126	grootouder	grandparent		1855	vonRosenberg
126	grootouder	grandparent		1854	Boewang
126	grootvader	grandfather	oefoenai emane	1870	Francis
126	grootvader	grandfather		1855	vdStraaten_Severijn
126	grootvader	grandfather		1855	vonRosenberg
126	grootvader	grandfather		1854	Boewang
126	grootmoeder	grandmother	oefoenai ehoda	1870	Francis
126	grootmoeder	grandmother		1855	vdStraaten_Severijn
126	grootmoeder	grandmother		1855	vonRosenberg
126	grootmoeder	grandmother		1854	Boewang
126	kleinkind	grandchild	koöfiejoe	1870	Francis
126	kleinkind	grandchild		1855	vdStraaten_Severijn
126	kleinkind	grandchild		1855	vonRosenberg
126	kleinkind	grandchild		1854	Boewang
126	kleinzoon	grandson	koöfiejoe emane	1870	Francis
126	kleinzoon	grandson		1855	vdStraaten_Severijn
126	kleinzoon	grandson		1855	vonRosenberg
126	kleinzoon	grandson		1854	Boewang
126	kleindochter	granddaughter	koöfiejoe ehoda	1870	Francis
126	kleindochter	granddaughter		1855	vdStraaten_Severijn
126	kleindochter	granddaughter		1855	vonRosenberg
126	kleindochter	granddaughter		1854	Boewang
126	oom	uncle	kahou	1870	Francis
126	oom	uncle		1855	vdStraaten_Severijn
126	oom	uncle		1855	vonRosenberg
126	oom	uncle		1854	Boewang
126	neef (cousin)	male cousin	à à	1870	Francis
126	neef (cousin)	male cousin		1855	vdStraaten_Severijn
126	neef (cousin)	male cousin		1855	vonRosenberg
126	neef (cousin)	male cousin		1854	Boewang
126	neef (neveu)	female cousin	laho	1870	Francis
126	neef (neveu)	female cousin		1855	vdStraaten_Severijn
126	neef (neveu)	female cousin		1855	vonRosenberg
126	neef (neveu)	female cousin		1854	Boewang
127	vriend	friend		1870	Francis
127	vriend	friend	padjo haika	1855	vdStraaten_Severijn
127	vriend	friend		1855	vonRosenberg
127	vriend	friend		1854	Boewang
127	lichaam	body	karaha	1870	Francis
127	lichaam	body		1855	vdStraaten_Severijn
127	lichaam	body	oeloe	1855	vonRosenberg
127	lichaam	body		1854	Boewang
127	hoofd	head	e oeloe	1870	Francis
127	hoofd	head	oeloe	1855	vdStraaten_Severijn
127	hoofd	head	oeloe	1855	vonRosenberg
127	hoofd	head		1854	Boewang
127	voorhoofd	forehead	koe	1870	Francis
127	voorhoofd	forehead	koe oe	1855	vdStraaten_Severijn
127	voorhoofd	forehead		1855	vonRosenberg
127	voorhoofd	forehead		1854	Boewang
127	haar	hair	foedoedoe oeloe	1870	Francis
127	haar	hair	oedoe	1855	vdStraaten_Severijn
127	haar	hair	boeloe oeloe	1855	vonRosenberg
127	haar	hair		1854	Boewang
127	baard	beard	fororo iefe, fororoîfe	1870	Francis
127	baard	beard		1855	vdStraaten_Severijn
127	baard	beard		1855	vonRosenberg
127	baard	beard		1854	Boewang
127	oog	eye	ebaka	1870	Francis
127	oog	eye	baka	1855	vdStraaten_Severijn
127	oog	eye	bakka	1855	vonRosenberg
127	oog	eye		1854	Boewang
127	oor	ear	kaliha	1870	Francis
127	oor	ear		1855	vdStraaten_Severijn
127	oor	ear	kaleha	1855	vonRosenberg
127	oor	ear		1854	Boewang
127	neus	nose	e fano	1870	Francis
127	neus	nose	pano	1855	vdStraaten_Severijn
127	neus	nose	fanoe	1855	vonRosenberg
127	neus	nose		1854	Boewang
127	mond	mouth	e ka	1870	Francis
127	mond	mouth	koa	1855	vdStraaten_Severijn
127	mond	mouth	hawie	1855	vonRosenberg
127	mond	mouth		1854	Boewang
127	tand	tooth		1870	Francis
127	tand	tooth	nienie	1855	vdStraaten_Severijn
127	tand	tooth	kaä	1855	vonRosenberg
127	tand	tooth		1854	Boewang
127	tong	tongue		1870	Francis
127	tong	tongue	dio	1855	vdStraaten_Severijn
127	tong	tongue		1855	vonRosenberg
127	tong	tongue		1854	Boewang
127	kin	chin	e kie	1870	Francis
127	kin	chin		1855	vdStraaten_Severijn
127	kin	chin		1855	vonRosenberg
127	kin	chin		1854	Boewang
127	wang	cheek	e fafa	1870	Francis
127	wang	cheek		1855	vdStraaten_Severijn
127	wang	cheek		1855	vonRosenberg
127	wang	cheek		1854	Boewang
127	hals	neck	hoenoe	1870	Francis
127	hals	neck	tioeano	1855	vdStraaten_Severijn
127	hals	neck		1855	vonRosenberg
127	hals	neck		1854	Boewang
127	nek	nape of the neck	hoekaha	1870	Francis
127	nek	nape of the neck		1855	vdStraaten_Severijn
127	nek	nape of the neck		1855	vonRosenberg
127	nek	nape of the neck		1854	Boewang
127	manneborst	breast (of a man)	emana	1870	Francis
127	manneborst	breast (of a man)	berakidoijo	1855	vdStraaten_Severijn
127	manneborst	breast (of a man)		1855	vonRosenberg
127	manneborst	breast (of a man)		1854	Boewang
127	vrouweborst	breast (of a woman)	ekoko	1870	Francis
127	vrouweborst	breast (of a woman)		1855	vdStraaten_Severijn
127	vrouweborst	breast (of a woman)		1855	vonRosenberg
127	vrouweborst	breast (of a woman)		1854	Boewang
127	buik	belly	kidai	1870	Francis
127	buik	belly	toeka	1855	vdStraaten_Severijn
127	buik	belly	koedei	1855	vonRosenberg
127	buik	belly		1854	Boewang
127	arm	arm	e afo	1870	Francis
127	arm	arm	poeafa	1855	vdStraaten_Severijn
127	arm	arm		1855	vonRosenberg
127	arm	arm		1854	Boewang
127	hand	hand	mino afo	1870	Francis
127	hand	hand		1855	vdStraaten_Severijn
127	hand	hand	afa	1855	vonRosenberg
127	hand	hand		1854	Boewang
127	vinger	finger	mino	1870	Francis
127	vinger	finger		1855	vdStraaten_Severijn
127	vinger	finger	gaheho	1855	vonRosenberg
127	vinger	finger		1854	Boewang
127	nagel	nail	ekao afo	1870	Francis
127	nagel	nail		1855	vdStraaten_Severijn
127	nagel	nail		1855	vonRosenberg
127	nagel	nail		1854	Boewang
127	duim	thumb	nai afo	1870	Francis
127	duim	thumb		1855	vdStraaten_Severijn
127	duim	thumb		1855	vonRosenberg
127	duim	thumb		1854	Boewang
127	wijsvinger	index finger	ejara afo	1870	Francis
127	wijsvinger	index finger		1855	vdStraaten_Severijn
127	wijsvinger	index finger		1855	vonRosenberg
127	wijsvinger	index finger		1854	Boewang
127	middelvinger	middle fimger	e oe afo	1870	Francis
127	middelvinger	middle fimger		1855	vdStraaten_Severijn
127	middelvinger	middle fimger		1855	vonRosenberg
127	middelvinger	middle fimger		1854	Boewang
127	ringvinger	ring finger	kifaejo ajae	1870	Francis
127	ringvinger	ring finger		1855	vdStraaten_Severijn
127	ringvinger	ring finger		1855	vonRosenberg
127	ringvinger	ring finger		1854	Boewang
127	pink	pinky	mino afo noekie	1870	Francis
127	pink	pinky		1855	vdStraaten_Severijn
127	pink	pinky		1855	vonRosenberg
127	pink	pinky		1854	Boewang
127	dij	thigh	epara	1870	Francis
127	dij	thigh		1855	vdStraaten_Severijn
127	dij	thigh		1855	vonRosenberg
127	dij	thigh		1854	Boewang
128	knie	knee	efoe	1870	Francis
128	knie	knee		1855	vdStraaten_Severijn
128	knie	knee		1855	vonRosenberg
128	knie	knee		1854	Boewang
128	voet	foot	eafonge ewai	1870	Francis
128	voet	foot	edjaauw	1855	vdStraaten_Severijn
128	voet	foot	afo	1855	vonRosenberg
128	voet	foot		1854	Boewang
128	teen	toe		1870	Francis
128	teen	toe	akinoijai	1855	vdStraaten_Severijn
128	teen	toe		1855	vonRosenberg
128	teen	toe		1854	Boewang
128	lans, piek, speer	lance, pike, spear	ekaijo	1870	Francis
128	lans, piek, speer	lance, pike, spear	poke poke	1855	vdStraaten_Severijn
128	lans, piek, speer	lance, pike, spear	poke poke	1855	vonRosenberg
128	lans, piek, speer	lance, pike, spear		1854	Boewang
128	schild	shield	ekieahe	1870	Francis
128	schild	shield		1855	vdStraaten_Severijn
128	schild	shield		1855	vonRosenberg
128	schild	shield		1854	Boewang
128	sabel , klewang	sword	fertjie	1870	Francis
128	sabel , klewang	sword	paroetaka	1855	vdStraaten_Severijn
128	sabel , klewang	sword	foeroe takka	1855	vonRosenberg
128	sabel , klewang	sword		1854	Boewang
128	kapmes , parang	machete		1870	Francis
128	kapmes , parang	machete	padjie	1855	vdStraaten_Severijn
128	kapmes , parang	machete	ferdji	1855	vonRosenberg
128	kapmes , parang	machete		1854	Boewang
128	mes , steekmes	knife	e fieko fieko	1870	Francis
128	mes , steekmes	knife	tieko tieko	1855	vdStraaten_Severijn
128	mes , steekmes	knife	piko piko	1855	vonRosenberg
128	mes , steekmes	knife		1854	Boewang
128	pijl en boog	bow and arrow	epiëko	1870	Francis
128	pijl en boog	bow and arrow		1855	vdStraaten_Severijn
128	pijl en boog	bow and arrow		1855	vonRosenberg
128	pijl en boog	bow and arrow		1854	Boewang
128	geweer	rifle		1870	Francis
128	geweer	rifle	boe	1855	vdStraaten_Severijn
128	geweer	rifle	aboe	1855	vonRosenberg
128	geweer	rifle		1854	Boewang
128	bijl	axe		1870	Francis
128	bijl	axe	beheeuw	1855	vdStraaten_Severijn
128	bijl	axe		1855	vonRosenberg
128	bijl	axe		1854	Boewang
128	vijl	file		1870	Francis
128	vijl	file	kokoliaauw	1855	vdStraaten_Severijn
128	vijl	file		1855	vonRosenberg
128	vijl	file		1854	Boewang
128	kralen	beads		1870	Francis
128	kralen	beads		1855	vdStraaten_Severijn
128	kralen	beads	lole lole	1855	vonRosenberg
128	kralen	beads		1854	Boewang
128	spiegel	mirror		1870	Francis
128	spiegel	mirror	koroebaka	1855	vdStraaten_Severijn
128	spiegel	mirror		1855	vonRosenberg
128	spiegel	mirror		1854	Boewang
128	ijzer of blik	iron or tin		1870	Francis
128	ijzer of blik	iron or tin	e aauw	1855	vdStraaten_Severijn
128	ijzer of blik	iron or tin	ou ou	1855	vonRosenberg
128	ijzer of blik	iron or tin		1854	Boewang
128	koper	copper		1870	Francis
128	koper	copper	kekelia	1855	vdStraaten_Severijn
128	koper	copper		1855	vonRosenberg
128	koper	copper		1854	Boewang
128	katoen	cotton	koöde	1870	Francis
128	katoen	cotton		1855	vdStraaten_Severijn
128	katoen	cotton	talikoko ilopo	1855	vonRosenberg
128	katoen	cotton		1854	Boewang
128	lendenbedekking bij mannen	loin coverings (for men)	eejoe	1870	Francis
128	lendenbedekking bij mannen	loin coverings (for men)		1855	vdStraaten_Severijn
128	lendenbedekking bij mannen	loin coverings (for men)		1855	vonRosenberg
128	lendenbedekking bij mannen	loin coverings (for men)		1854	Boewang
128	dito bij vrouwen	loin coverings (for women)	eafie	1870	Francis
128	dito bij vrouwen	loin coverings (for women)		1855	vdStraaten_Severijn
128	dito bij vrouwen	loin coverings (for women)		1855	vonRosenberg
128	dito bij vrouwen	loin coverings (for women)		1854	Boewang
128	baatje	upper clothes	eoefe	1870	Francis
128	baatje	upper clothes		1855	vdStraaten_Severijn
128	baatje	upper clothes		1855	vonRosenberg
128	baatje	upper clothes		1854	Boewang
128	oorlog	war		1870	Francis
128	oorlog	war	poefoeroe	1855	vdStraaten_Severijn
128	oorlog	war		1855	vonRosenberg
128	oorlog	war		1854	Boewang
128	zeilschip	sailboat	eoeba kiemo	1870	Francis
128	zeilschip	sailboat	tjoeba ; bidie bidie	1855	vdStraaten_Severijn
128	zeilschip	sailboat		1855	vonRosenberg
128	zeilschip	sailboat		1854	Boewang
128	stoomschip	steamboat	oeba ejobie	1870	Francis
128	stoomschip	steamboat		1855	vdStraaten_Severijn
128	stoomschip	steamboat		1855	vonRosenberg
128	stoomschip	steamboat		1854	Boewang
128	kano , sampan , prahoe	canoe	elahoa	1870	Francis
128	kano , sampan , prahoe	canoe	tahawa	1855	vdStraaten_Severijn
128	kano , sampan , prahoe	canoe		1855	vonRosenberg
128	kano , sampan , prahoe	canoe		1854	Boewang
128	roeispaan , riem , pagaai	paddle	eodjie	1870	Francis
128	roeispaan , riem , pagaai	paddle	oedjie oedjie	1855	vdStraaten_Severijn
128	roeispaan , riem , pagaai	paddle		1855	vonRosenberg
128	roeispaan , riem , pagaai	paddle		1854	Boewang
128	huis	house	oeba	1870	Francis
128	huis	house	praauw	1855	vdStraaten_Severijn
128	huis	house	joewa	1855	vonRosenberg
128	huis	house		1854	Boewang
128	kampong , gehucht	hamlet		1870	Francis
128	kampong , gehucht	hamlet	djoeba	1855	vdStraaten_Severijn
128	kampong , gehucht	hamlet	okioki	1855	vonRosenberg
128	kampong , gehucht	hamlet		1854	Boewang
128	dak	roof	oeka oeba	1870	Francis
128	dak	roof		1855	vdStraaten_Severijn
128	dak	roof		1855	vonRosenberg
128	dak	roof		1854	Boewang
129	deur	door	kar oebe	1870	Francis
129	deur	door		1855	vdStraaten_Severijn
129	deur	door		1855	vonRosenberg
129	deur	door		1854	Boewang
129	tuin	garden		1870	Francis
129	tuin	garden	kwee kwee	1855	vdStraaten_Severijn
129	tuin	garden		1855	vonRosenberg
129	tuin	garden		1854	Boewang
129	begraafplaats	cemetery		1870	Francis
129	begraafplaats	cemetery	hano	1855	vdStraaten_Severijn
129	begraafplaats	cemetery		1855	vonRosenberg
129	begraafplaats	cemetery		1854	Boewang
129	aarde	earth		1870	Francis
129	aarde	earth	lopo	1855	vdStraaten_Severijn
129	aarde	earth	tehopo	1855	vonRosenberg
129	aarde	earth		1854	Boewang
129	water	water	ebbo	1870	Francis
129	water	water	lebo lebo	1855	vdStraaten_Severijn
129	water	water	lewo lewo	1855	vonRosenberg
129	water	water		1854	Boewang
129	vuur	fire	ejobie	1870	Francis
129	vuur	fire	obie obie	1855	vdStraaten_Severijn
129	vuur	fire	howie howie	1855	vonRosenberg
129	vuur	fire		1854	Boewang
129	rivier	river	iebo	1870	Francis
129	rivier	river	belowa	1855	vdStraaten_Severijn
129	rivier	river		1855	vonRosenberg
129	rivier	river		1854	Boewang
129	stroom	stream	kaha kakie	1870	Francis
129	stroom	stream		1855	vdStraaten_Severijn
129	stroom	stream		1855	vonRosenberg
129	stroom	stream		1854	Boewang
129	berg , heuvel	mountain, hill	ekohe	1870	Francis
129	berg , heuvel	mountain, hill	kakko	1855	vdStraaten_Severijn
129	berg , heuvel	mountain, hill		1855	vonRosenberg
129	berg , heuvel	mountain, hill		1854	Boewang
129	eiland	island		1870	Francis
129	eiland	island	kefo	1855	vdStraaten_Severijn
129	eiland	island	kepoe	1855	vonRosenberg
129	eiland	island		1854	Boewang
129	steen	stone		1870	Francis
129	steen	stone	pakoe pakoe	1855	vdStraaten_Severijn
129	steen	stone	bakoe bakoe	1855	vonRosenberg
129	steen	stone		1854	Boewang
129	strand	beach		1870	Francis
129	strand	beach	peroba	1855	vdStraaten_Severijn
129	strand	beach		1855	vonRosenberg
129	strand	beach		1854	Boewang
129	zand	sand		1870	Francis
129	zand	sand	lafo beroba	1855	vdStraaten_Severijn
129	zand	sand	hawo hawo	1855	vonRosenberg
129	zand	sand		1854	Boewang
129	landschap	landscape		1870	Francis
129	landschap	landscape		1855	vdStraaten_Severijn
129	landschap	landscape	kima kima	1855	vonRosenberg
129	landschap	landscape		1854	Boewang
129	zee	sea, ocean	éoewé	1870	Francis
129	zee	sea, ocean	kiema	1855	vdStraaten_Severijn
129	zee	sea, ocean		1855	vonRosenberg
129	zee	sea, ocean		1854	Boewang
129	hoek	corner		1870	Francis
129	hoek	corner	koedoe	1855	vdStraaten_Severijn
129	hoek	corner		1855	vonRosenberg
129	hoek	corner		1854	Boewang
129	overstrooming	inundation	koöedoe doewe , edorie	1870	Francis
129	overstrooming	inundation		1855	vdStraaten_Severijn
129	overstrooming	inundation		1855	vonRosenberg
129	overstrooming	inundation		1854	Boewang
129	gat	hole	enomo	1870	Francis
129	gat	hole		1855	vdStraaten_Severijn
129	gat	hole		1855	vonRosenberg
129	gat	hole		1854	Boewang
129	dag	day	lakiho	1870	Francis
129	dag	day	tio	1855	vdStraaten_Severijn
129	dag	day	ilopo	1855	vonRosenberg
129	dag	day		1854	Boewang
129	middag	midday	paroheije	1870	Francis
129	middag	midday		1855	vdStraaten_Severijn
129	middag	midday		1855	vonRosenberg
129	middag	midday		1854	Boewang
129	nacht	night	lako aisje	1870	Francis
129	nacht	night	kalilopo	1855	vdStraaten_Severijn
129	nacht	night	tikodo ilopo	1855	vonRosenberg
129	nacht	night		1854	Boewang
129	hemel	sky		1870	Francis
129	hemel	sky		1855	vdStraaten_Severijn
129	hemel	sky	talakoko ilopo	1855	vonRosenberg
129	hemel	sky		1854	Boewang
129	zon	sun	kaha	1870	Francis
129	zon	sun	kahao	1855	vdStraaten_Severijn
129	zon	sun	kahaä	1855	vonRosenberg
129	zon	sun		1854	Boewang
129	maan	moon	ekanoa	1870	Francis
129	maan	moon	mona	1855	vdStraaten_Severijn
129	maan	moon	moena	1855	vonRosenberg
129	maan	moon		1854	Boewang
129	ster	star	éféoda	1870	Francis
129	ster	star	apeloea	1855	vdStraaten_Severijn
129	ster	star		1855	vonRosenberg
129	ster	star		1854	Boewang
129	regen	rain		1870	Francis
129	regen	rain	eiwo	1855	vdStraaten_Severijn
129	regen	rain	lewo lewo djewé	1855	vonRosenberg
129	regen	rain		1854	Boewang
129	wind	wind	ekijoe	1870	Francis
129	wind	wind	kijoe	1855	vdStraaten_Severijn
129	wind	wind	kijoe	1855	vonRosenberg
129	wind	wind		1854	Boewang
130	bliksem	lightning		1870	Francis
130	bliksem	lightning	kalikoko	1855	vdStraaten_Severijn
130	bliksem	lightning	akanoe	1855	vonRosenberg
130	bliksem	lightning		1854	Boewang
130	donder	thunder		1870	Francis
130	donder	thunder	lahoe	1855	vdStraaten_Severijn
130	donder	thunder	foeroenoema	1855	vonRosenberg
130	donder	thunder		1854	Boewang
130	muskiet	mosquito		1870	Francis
130	muskiet	mosquito	kiea	1855	vdStraaten_Severijn
130	muskiet	mosquito		1855	vonRosenberg
130	muskiet	mosquito		1854	Boewang
130	duizendpoot	centipede		1870	Francis
130	duizendpoot	centipede	oko	1855	vdStraaten_Severijn
130	duizendpoot	centipede		1855	vonRosenberg
130	duizendpoot	centipede		1854	Boewang
130	mier	ant		1870	Francis
130	mier	ant	akie akie	1855	vdStraaten_Severijn
130	mier	ant	oemau	1855	vonRosenberg
130	mier	ant		1854	Boewang
130	bij	bee	carafifi	1870	Francis
130	bij	bee		1855	vdStraaten_Severijn
130	bij	bee		1855	vonRosenberg
130	bij	bee		1854	Boewang
130	kreeft	lobster		1870	Francis
130	kreeft	lobster	oefa	1855	vdStraaten_Severijn
130	kreeft	lobster		1855	vonRosenberg
130	kreeft	lobster		1854	Boewang
130	slang	snake		1870	Francis
130	slang	snake	beo beo	1855	vdStraaten_Severijn
130	slang	snake	taoeda	1855	vonRosenberg
130	slang	snake		1854	Boewang
130	beo (Garrulus javan.)	beo (Garrulus javan.)		1870	Francis
130	beo (Garrulus javan.)	beo (Garrulus javan.)	beo beo	1855	vdStraaten_Severijn
130	beo (Garrulus javan.)	beo (Garrulus javan.)		1855	vonRosenberg
130	beo (Garrulus javan.)	beo (Garrulus javan.)		1854	Boewang
130	kat	cat	ebeo	1870	Francis
130	kat	cat	beo beo	1855	vdStraaten_Severijn
130	kat	cat		1855	vonRosenberg
130	kat	cat		1854	Boewang
130	vogel	vird	eke-èfe	1870	Francis
130	vogel	vird	elaaiho	1855	vdStraaten_Severijn
130	vogel	vird	weo weo	1855	vonRosenberg
130	vogel	vird		1854	Boewang
130	schildpad	turtle		1870	Francis
130	schildpad	turtle	kolia	1855	vdStraaten_Severijn
130	schildpad	turtle	kijoho	1855	vonRosenberg
130	schildpad	turtle		1854	Boewang
130	visch	fish	eajo	1870	Francis
130	visch	fish	kaaiwaauw	1855	vdStraaten_Severijn
130	visch	fish		1855	vonRosenberg
130	visch	fish		1854	Boewang
130	hoen, kippen	chicken	eokeiko	1870	Francis
130	hoen, kippen	chicken	koko	1855	vdStraaten_Severijn
130	hoen, kippen	chicken	koko	1855	vonRosenberg
130	hoen, kippen	chicken		1854	Boewang
130	haan	cock, rooster	eokeiko emane	1870	Francis
130	haan	cock, rooster		1855	vdStraaten_Severijn
130	haan	cock, rooster		1855	vonRosenberg
130	haan	cock, rooster		1854	Boewang
130	hen	hen	eokeiko ehoda	1870	Francis
130	hen	hen		1855	vdStraaten_Severijn
130	hen	hen		1855	vonRosenberg
130	hen	hen		1854	Boewang
130	duif	pigeon		1870	Francis
130	duif	pigeon	hoehoe	1855	vdStraaten_Severijn
130	duif	pigeon		1855	vonRosenberg
130	duif	pigeon		1854	Boewang
130	papagaai , parkiet	parrot , parakeet		1870	Francis
130	papagaai , parkiet	parrot , parakeet	kaka	1855	vdStraaten_Severijn
130	papagaai , parkiet	parrot , parakeet	kaka	1855	vonRosenberg
130	papagaai , parkiet	parrot , parakeet		1854	Boewang
130	varken	pig	koijo	1870	Francis
130	varken	pig	abie abie	1855	vdStraaten_Severijn
130	varken	pig	hawié hawi	1855	vonRosenberg
130	varken	pig		1854	Boewang
130	hond	dog	eafi	1870	Francis
130	hond	dog		1855	vdStraaten_Severijn
130	hond	dog	tewejo wejo	1855	vonRosenberg
130	hond	dog		1854	Boewang
130	touw	rope		1870	Francis
130	touw	rope		1855	vdStraaten_Severijn
130	touw	rope	kakdijoe	1855	vonRosenberg
130	touw	rope		1854	Boewang
130	hout	wood	ekoewo	1870	Francis
130	hout	wood	moko doeboe	1855	vdStraaten_Severijn
130	hout	wood	koea	1855	vonRosenberg
130	hout	wood		1854	Boewang
130	boomschors	tree bark		1870	Francis
130	boomschors	tree bark		1855	vdStraaten_Severijn
130	boomschors	tree bark	oela koea	1855	vonRosenberg
130	boomschors	tree bark		1854	Boewang
130	boom	tree	karaha koewo	1870	Francis
130	boom	tree	koe pidjoe	1855	vdStraaten_Severijn
130	boom	tree		1855	vonRosenberg
130	boom	tree		1854	Boewang
130	spaansche peper	spanish pepper		1870	Francis
130	spaansche peper	spanish pepper	kilie kilie	1855	vdStraaten_Severijn
130	spaansche peper	spanish pepper		1855	vonRosenberg
130	spaansche peper	spanish pepper		1854	Boewang
130	bamboe	bamboo		1870	Francis
130	bamboe	bamboo	abepa	1855	vdStraaten_Severijn
130	bamboe	bamboo	abiha	1855	vonRosenberg
130	bamboe	bamboo		1854	Boewang
130	rottan	rottan		1870	Francis
130	rottan	rottan	omé omé	1855	vdStraaten_Severijn
130	rottan	rottan	homé homé	1855	vonRosenberg
130	rottan	rottan		1854	Boewang
131	kokosnoot	coconut	effo	1870	Francis
131	kokosnoot	coconut	eufo	1855	vdStraaten_Severijn
131	kokosnoot	coconut	avo	1855	vonRosenberg
131	kokosnoot	coconut		1854	Boewang
131	nibong (palmsoort)	nibong (palm species)		1870	Francis
131	nibong (palmsoort)	nibong (palm species)	eifa	1855	vdStraaten_Severijn
131	nibong (palmsoort)	nibong (palm species)		1855	vonRosenberg
131	nibong (palmsoort)	nibong (palm species)		1854	Boewang
131	pisang	banana	idjo	1870	Francis
131	pisang	banana	nako nako	1855	vdStraaten_Severijn
131	pisang	banana	nako nako	1855	vonRosenberg
131	pisang	banana		1854	Boewang
131	suikerriet	sugar cane		1870	Francis
131	suikerriet	sugar cane	teboea	1855	vdStraaten_Severijn
131	suikerriet	sugar cane	meijoe	1855	vonRosenberg
131	suikerriet	sugar cane		1854	Boewang
131	pinang	pinang		1870	Francis
131	pinang	pinang		1855	vdStraaten_Severijn
131	pinang	pinang	aopa	1855	vonRosenberg
131	pinang	pinang		1854	Boewang
131	kladdie	tuber	foekieje	1870	Francis
131	kladdie	tuber	pokiea	1855	vdStraaten_Severijn
131	kladdie	tuber	toekija	1855	vonRosenberg
131	kladdie	tuber		1854	Boewang
131	obie	sweet potato		1870	Francis
131	obie	sweet potato	ewa	1855	vdStraaten_Severijn
131	obie	sweet potato	obie	1855	vonRosenberg
131	obie	sweet potato		1854	Boewang
131	gekookte rijst , toespijs	cooked rice , spice		1870	Francis
131	gekookte rijst , toespijs	cooked rice , spice		1855	vdStraaten_Severijn
131	gekookte rijst , toespijs	cooked rice , spice		1855	vonRosenberg
131	gekookte rijst , toespijs	cooked rice , spice	loekia	1854	Boewang
131	naarstig	diligently		1870	Francis
131	naarstig	diligently	moeka mahaina	1855	vdStraaten_Severijn
131	naarstig	diligently		1855	vonRosenberg
131	naarstig	diligently		1854	Boewang
131	naarstig	diligently		1870	Francis
131	naarstig	diligently	moeka maina	1855	vdStraaten_Severijn
131	naarstig	diligently		1855	vonRosenberg
131	naarstig	diligently		1854	Boewang
131	lui	lazy		1870	Francis
131	lui	lazy	kala maina	1855	vdStraaten_Severijn
131	lui	lazy		1855	vonRosenberg
131	lui	lazy		1854	Boewang
131	goed	good		1870	Francis
131	goed	good		1855	vdStraaten_Severijn
131	goed	good	koelemak	1855	vonRosenberg
131	goed	good		1854	Boewang
131	dom	stupid		1870	Francis
131	dom	stupid		1855	vdStraaten_Severijn
131	dom	stupid	poeroemoe	1855	vonRosenberg
131	dom	stupid		1854	Boewang
131	oud	old	eá	1870	Francis
131	oud	old		1855	vdStraaten_Severijn
131	oud	old		1855	vonRosenberg
131	oud	old		1854	Boewang
131	jong	young	ea hanieje	1870	Francis
131	jong	young		1855	vdStraaten_Severijn
131	jong	young		1855	vonRosenberg
131	jong	young		1854	Boewang
131	mannelijk	male	emane	1870	Francis
131	mannelijk	male		1855	vdStraaten_Severijn
131	mannelijk	male		1855	vonRosenberg
131	mannelijk	male		1854	Boewang
131	vrouwelijk	female	ehoda	1870	Francis
131	vrouwelijk	female		1855	vdStraaten_Severijn
131	vrouwelijk	female		1855	vonRosenberg
131	vrouwelijk	female		1854	Boewang
131	vermoeid	tired		1870	Francis
131	vermoeid	tired	kopieaka	1855	vdStraaten_Severijn
131	vermoeid	tired		1855	vonRosenberg
131	vermoeid	tired		1854	Boewang
131	stil	quiet		1870	Francis
131	stil	quiet	kabehoka	1855	vdStraaten_Severijn
131	stil	quiet	eirapakanare	1855	vonRosenberg
131	stil	quiet		1854	Boewang
131	ziek	sick		1870	Francis
131	ziek	sick	kokafieka	1855	vdStraaten_Severijn
131	ziek	sick	tapika pika	1855	vonRosenberg
131	ziek	sick		1854	Boewang
131	klein	small	noekie	1870	Francis
131	klein	small	noekie noekie	1855	vdStraaten_Severijn
131	klein	small	noeki noeki	1855	vonRosenberg
131	klein	small		1854	Boewang
131	groot	large	aieje	1870	Francis
131	groot	large	kakoeka	1855	vdStraaten_Severijn
131	groot	large	taägoeka	1855	vonRosenberg
131	groot	large		1854	Boewang
131	recht	straight		1870	Francis
131	recht	straight	kenio	1855	vdStraaten_Severijn
131	recht	straight	tau owa	1855	vonRosenberg
131	recht	straight		1854	Boewang
131	krom	crooked		1870	Francis
131	krom	crooked	ke ainjo	1855	vdStraaten_Severijn
131	krom	crooked	kawahke	1855	vonRosenberg
131	krom	crooked		1854	Boewang
131	beschaamd	ashamed		1870	Francis
131	beschaamd	ashamed		1855	vdStraaten_Severijn
131	beschaamd	ashamed	kapi api	1855	vonRosenberg
131	beschaamd	ashamed		1854	Boewang
131	lang	long	aieje noe	1870	Francis
131	lang	long	komai	1855	vdStraaten_Severijn
131	lang	long	nokobagoedana	1855	vonRosenberg
131	lang	long		1854	Boewang
131	kort	short	kakoewo	1870	Francis
131	kort	short	kakoeda	1855	vdStraaten_Severijn
131	kort	short	noeki noeki bagoedana	1855	vonRosenberg
131	kort	short		1854	Boewang
131	zwaar	heavy		1870	Francis
131	zwaar	heavy	noea	1855	vdStraaten_Severijn
131	zwaar	heavy	pagawa	1855	vonRosenberg
131	zwaar	heavy		1854	Boewang
131	licht	light		1870	Francis
131	licht	light	karahaai	1855	vdStraaten_Severijn
131	licht	light	peea	1855	vonRosenberg
131	licht	light		1854	Boewang
132	breed	wide	aieje foho	1870	Francis
132	breed	wide	aijienjoe	1855	vdStraaten_Severijn
132	breed	wide		1855	vonRosenberg
132	breed	wide		1854	Boewang
132	smal	narrow	noekie foho	1870	Francis
132	smal	narrow	noekie noekie	1855	vdStraaten_Severijn
132	smal	narrow		1855	vonRosenberg
132	smal	narrow		1854	Boewang
132	hoog	high	itjebe	1870	Francis
132	hoog	high	dewé	1855	vdStraaten_Severijn
132	hoog	high		1855	vonRosenberg
132	hoog	high		1854	Boewang
132	laag	low	itofo	1870	Francis
132	laag	low	noekie	1855	vdStraaten_Severijn
132	laag	low		1855	vonRosenberg
132	laag	low		1854	Boewang
132	diep	deep		1870	Francis
132	diep	deep	noe oe	1855	vdStraaten_Severijn
132	diep	deep		1855	vonRosenberg
132	diep	deep		1854	Boewang
132	fijn	fine		1870	Francis
132	fijn	fine	kane kane	1855	vdStraaten_Severijn
132	fijn	fine		1855	vonRosenberg
132	fijn	fine		1854	Boewang
132	grof	coarse		1870	Francis
132	grof	coarse	ejakraha	1855	vdStraaten_Severijn
132	grof	coarse		1855	vonRosenberg
132	grof	coarse		1854	Boewang
132	schoon, mooi	good, nice	kaoewa	1870	Francis
132	schoon, mooi	good, nice	taauw awa	1855	vdStraaten_Severijn
132	schoon, mooi	good, nice	tawauwa	1855	vonRosenberg
132	schoon, mooi	good, nice		1854	Boewang
132	leelijk	ugly	kióhe	1870	Francis
132	leelijk	ugly	kióha	1855	vdStraaten_Severijn
132	leelijk	ugly		1855	vonRosenberg
132	leelijk	ugly		1854	Boewang
132	blij	happy		1870	Francis
132	blij	happy		1855	vdStraaten_Severijn
132	blij	happy	kabaufau	1855	vonRosenberg
132	blij	happy		1854	Boewang
132	dik	fat		1870	Francis
132	dik	fat	kapa apa	1855	vdStraaten_Severijn
132	dik	fat		1855	vonRosenberg
132	dik	fat		1854	Boewang
132	dun	thin		1870	Francis
132	dun	thin	kane nene	1855	vdStraaten_Severijn
132	dun	thin		1855	vonRosenberg
132	dun	thin		1854	Boewang
132	zoet	sweet		1870	Francis
132	zoet	sweet	mone mone	1855	vdStraaten_Severijn
132	zoet	sweet		1855	vonRosenberg
132	zoet	sweet		1854	Boewang
132	zuur	sour		1870	Francis
132	zuur	sour	djoha	1855	vdStraaten_Severijn
132	zuur	sour		1855	vonRosenberg
132	zuur	sour		1854	Boewang
132	bitter	bitter		1870	Francis
132	bitter	bitter	djoha	1855	vdStraaten_Severijn
132	bitter	bitter		1855	vonRosenberg
132	bitter	bitter		1854	Boewang
132	hard	hard		1870	Francis
132	hard	hard	aauw lidia	1855	vdStraaten_Severijn
132	hard	hard		1855	vonRosenberg
132	hard	hard		1854	Boewang
132	zacht	soft		1870	Francis
132	zacht	soft	kiendjaauw omka	1855	vdStraaten_Severijn
132	zacht	soft		1855	vonRosenberg
132	zacht	soft		1854	Boewang
132	heet	hot		1870	Francis
132	heet	hot	kahaauw	1855	vdStraaten_Severijn
132	heet	hot	foeroemoena	1855	vonRosenberg
132	heet	hot		1854	Boewang
132	koud	cold		1870	Francis
132	koud	cold	aihoha	1855	vdStraaten_Severijn
132	koud	cold		1855	vonRosenberg
132	koud	cold		1854	Boewang
132	dood	dead		1870	Francis
132	dood	dead	ka a	1855	vdStraaten_Severijn
132	dood	dead		1855	vonRosenberg
132	dood	dead		1854	Boewang
132	levend	alive		1870	Francis
132	levend	alive	kodo	1855	vdStraaten_Severijn
132	levend	alive		1855	vonRosenberg
132	levend	alive		1854	Boewang
132	hongerig	hungry	eabah	1870	Francis
132	hongerig	hungry		1855	vdStraaten_Severijn
132	hongerig	hungry		1855	vonRosenberg
132	hongerig	hungry		1854	Boewang
132	verzadigd	satiated	hobelélé	1870	Francis
132	verzadigd	satiated		1855	vdStraaten_Severijn
132	verzadigd	satiated		1855	vonRosenberg
132	verzadigd	satiated		1854	Boewang
132	zwart	black	ka akohe	1870	Francis
132	zwart	black	keloeloe	1855	vdStraaten_Severijn
132	zwart	black	kanoea	1855	vonRosenberg
132	zwart	black		1854	Boewang
132	wit	white	kohadaio	1870	Francis
132	wit	white	koehoedaauw	1855	vdStraaten_Severijn
132	wit	white	kibara	1855	vonRosenberg
132	wit	white		1854	Boewang
132	rood	red	kaikoko	1870	Francis
132	rood	red	kakkie aki	1855	vdStraaten_Severijn
132	rood	red	kaki aki	1855	vonRosenberg
132	rood	red		1854	Boewang
132	groen	green		1870	Francis
132	groen	green	kako	1855	vdStraaten_Severijn
132	groen	green	kalebeja	1855	vonRosenberg
132	groen	green		1854	Boewang
132	geel	yellow	kakapedo	1870	Francis
132	geel	yellow	kakafoelo	1855	vdStraaten_Severijn
132	geel	yellow	kimèkè	1855	vonRosenberg
132	geel	yellow		1854	Boewang
132	blauw	blue		1870	Francis
132	blauw	blue	kokoho	1855	vdStraaten_Severijn
132	blauw	blue	kimona	1855	vonRosenberg
132	blauw	blue		1854	Boewang
133	beschilderd, veelkleurig	multicoloured	tabake, bake	1870	Francis
133	beschilderd, veelkleurig	multicoloured		1855	vdStraaten_Severijn
133	beschilderd, veelkleurig	multicoloured		1855	vonRosenberg
133	beschilderd, veelkleurig	multicoloured		1854	Boewang
133	klaar , helder , licht	clear , bright , light		1870	Francis
133	klaar , helder , licht	clear , bright , light	nieka nieka	1855	vdStraaten_Severijn
133	klaar , helder , licht	clear , bright , light		1855	vonRosenberg
133	klaar , helder , licht	clear , bright , light		1854	Boewang
133	donker	dark		1870	Francis
133	donker	dark	kefofo	1855	vdStraaten_Severijn
133	donker	dark	kalanie hennailopo	1855	vonRosenberg
133	donker	dark		1854	Boewang
133	nabij	near		1870	Francis
133	nabij	near	panonéma	1855	vdStraaten_Severijn
133	nabij	near	panenéma	1855	vonRosenberg
133	nabij	near		1854	Boewang
133	huiswaarts	home	kahane	1870	Francis
133	huiswaarts	home		1855	vdStraaten_Severijn
133	huiswaarts	home		1855	vonRosenberg
133	huiswaarts	home		1854	Boewang
133	nu	now	nooije	1870	Francis
133	nu	now		1855	vdStraaten_Severijn
133	nu	now		1855	vonRosenberg
133	nu	now		1854	Boewang
133	aanstonds	later	na a	1870	Francis
133	aanstonds	later		1855	vdStraaten_Severijn
133	aanstonds	later		1855	vonRosenberg
133	aanstonds	later		1854	Boewang
133	morgen	tomorrow	naomana	1870	Francis
133	morgen	tomorrow		1855	vdStraaten_Severijn
133	morgen	tomorrow		1855	vonRosenberg
133	morgen	tomorrow		1854	Boewang
133	overmorgen	the day after tomorrow	laiekahadieje	1870	Francis
133	overmorgen	the day after tomorrow		1855	vdStraaten_Severijn
133	overmorgen	the day after tomorrow		1855	vonRosenberg
133	overmorgen	the day after tomorrow		1854	Boewang
133	gisteren	yesterday	bahaibe	1870	Francis
133	gisteren	yesterday		1855	vdStraaten_Severijn
133	gisteren	yesterday		1855	vonRosenberg
133	gisteren	yesterday		1854	Boewang
133	van waar?	from where?	koelie ieje?	1870	Francis
133	van waar?	from where?		1855	vdStraaten_Severijn
133	van waar?	from where?		1855	vonRosenberg
133	van waar?	from where?		1854	Boewang
133	waarheen?	where?	kaha ieje?	1870	Francis
133	waarheen?	where?		1855	vdStraaten_Severijn
133	waarheen?	where?		1855	vonRosenberg
133	waarheen?	where?		1854	Boewang
133	weg!	away!	hou!	1870	Francis
133	weg!	away!		1855	vdStraaten_Severijn
133	weg!	away!		1855	vonRosenberg
133	weg!	away!		1854	Boewang
133	binnen	inside	kèfo	1870	Francis
133	binnen	inside	dipoho	1855	vdStraaten_Severijn
133	binnen	inside		1855	vonRosenberg
133	binnen	inside		1854	Boewang
133	buiten	outside	itofo	1870	Francis
133	buiten	outside	kaitófa	1855	vdStraaten_Severijn
133	buiten	outside		1855	vonRosenberg
133	buiten	outside		1854	Boewang
133	genoeg	enough		1870	Francis
133	genoeg	enough	abaai	1855	vdStraaten_Severijn
133	genoeg	enough		1855	vonRosenberg
133	genoeg	enough		1854	Boewang
133	niet genoeg	insufficient		1870	Francis
133	niet genoeg	insufficient	kafiaai	1855	vdStraaten_Severijn
133	niet genoeg	insufficient		1855	vonRosenberg
133	niet genoeg	insufficient		1854	Boewang
133	ja	yes	o	1870	Francis
133	ja	yes	o	1855	vdStraaten_Severijn
133	ja	yes		1855	vonRosenberg
133	ja	yes		1854	Boewang
133	neen	no	kèwa	1870	Francis
133	neen	no	keba	1855	vdStraaten_Severijn
133	neen	no		1855	vonRosenberg
133	neen	no		1854	Boewang
133	hier	here	ieteh	1870	Francis
133	hier	here	djehe	1855	vdStraaten_Severijn
133	hier	here		1855	vonRosenberg
133	hier	here		1854	Boewang
133	daar	there	adiete	1870	Francis
133	daar	there	aaié	1855	vdStraaten_Severijn
133	daar	there		1855	vonRosenberg
133	daar	there		1854	Boewang
133	ver	far		1870	Francis
133	ver	far	mé i mé	1855	vdStraaten_Severijn
133	ver	far	mimi	1855	vonRosenberg
133	ver	far		1854	Boewang
133	ga weg!	go away!	kaha	1870	Francis
133	ga weg!	go away!		1855	vdStraaten_Severijn
133	ga weg!	go away!		1855	vonRosenberg
133	ga weg!	go away!		1854	Boewang
133	kom hier!	come here!	adé	1870	Francis
133	kom hier!	come here!		1855	vdStraaten_Severijn
133	kom hier!	come here!		1855	vonRosenberg
133	kom hier!	come here!		1854	Boewang
133	ik	I	oewa	1870	Francis
133	ik	I	oewa	1855	vdStraaten_Severijn
133	ik	I	o , oewa	1855	vonRosenberg
133	ik	I		1854	Boewang
133	gij	you	oh	1870	Francis
133	gij	you	niomo	1855	vdStraaten_Severijn
133	gij	you	barèé	1855	vonRosenberg
133	gij	you		1854	Boewang
133	hij	he	kieja	1870	Francis
133	hij	he	dé	1855	vdStraaten_Severijn
133	hij	he	bohej	1855	vonRosenberg
133	hij	he		1854	Boewang
133	wij	we	ieka	1870	Francis
133	wij	we		1855	vdStraaten_Severijn
133	wij	we		1855	vonRosenberg
133	wij	we		1854	Boewang
133	gij	you	oh	1870	Francis
133	gij	you		1855	vdStraaten_Severijn
133	gij	you		1855	vonRosenberg
133	gij	you		1854	Boewang
134	zij	they	kieja	1870	Francis
134	zij	they		1855	vdStraaten_Severijn
134	zij	they		1855	vonRosenberg
134	zij	they		1854	Boewang
134	baden	bathe	kabaike	1870	Francis
134	baden	bathe		1855	vdStraaten_Severijn
134	baden	bathe		1855	vonRosenberg
134	baden	bathe		1854	Boewang
134	beminnen	love		1870	Francis
134	beminnen	love	kofie afie	1855	vdStraaten_Severijn
134	beminnen	love	mahabe habe	1855	vonRosenberg
134	beminnen	love		1854	Boewang
134	binden	bind		1870	Francis
134	binden	bind	pamilie	1855	vdStraaten_Severijn
134	binden	bind	pamii	1855	vonRosenberg
134	binden	bind		1854	Boewang
134	blijven	stay		1870	Francis
134	blijven	stay	bado jamokikia	1855	vdStraaten_Severijn
134	blijven	stay	panoekoe	1855	vonRosenberg
134	blijven	stay		1854	Boewang
134	branden	burn		1870	Francis
134	branden	burn	behoba abie abie	1855	vdStraaten_Severijn
134	branden	burn		1855	vonRosenberg
134	branden	burn		1854	Boewang
134	brengen	bring		1870	Francis
134	brengen	bring	kemanajai	1855	vdStraaten_Severijn
134	brengen	bring		1855	vonRosenberg
134	brengen	bring		1854	Boewang
134	dalen	descend	katofo, abai, ajai	1870	Francis
134	dalen	descend		1855	vdStraaten_Severijn
134	dalen	descend		1855	vonRosenberg
134	dalen	descend		1854	Boewang
134	dansen	dance		1870	Francis
134	dansen	dance	kalale	1855	vdStraaten_Severijn
134	dansen	dance	kakaleha	1855	vonRosenberg
134	dansen	dance		1854	Boewang
134	denken	think		1870	Francis
134	denken	think	napie apie	1855	vdStraaten_Severijn
134	denken	think		1855	vonRosenberg
134	denken	think		1854	Boewang
134	dooden	dead		1870	Francis
134	dooden	dead	natihale kedoedijahe	1855	vdStraaten_Severijn
134	dooden	dead	patoedjé é	1855	vonRosenberg
134	dooden	dead		1854	Boewang
134	drinken	drink	ietho	1870	Francis
134	drinken	drink	iedjo	1855	vdStraaten_Severijn
134	drinken	drink	faginomo lewo lewo	1855	vonRosenberg
134	drinken	drink		1854	Boewang
134	droomen	dreams		1870	Francis
134	droomen	dreams	hoearie	1855	vdStraaten_Severijn
134	droomen	dreams		1855	vonRosenberg
134	droomen	dreams		1854	Boewang
134	duiken	dive		1870	Francis
134	duiken	dive	kieno	1855	vdStraaten_Severijn
134	duiken	dive		1855	vonRosenberg
134	duiken	dive		1854	Boewang
134	durven	dare		1870	Francis
134	durven	dare	moeka maina	1855	vdStraaten_Severijn
134	durven	dare	moko mehema	1855	vonRosenberg
134	durven	dare		1854	Boewang
134	eten	eat	mano	1870	Francis
134	eten	eat	kakinana	1855	vdStraaten_Severijn
134	eten	eat	faginomo	1855	vonRosenberg
134	eten	eat	pakinoenoe	1854	Boewang
134	gaan	go		1870	Francis
134	gaan	go	heddi heddi	1855	vdStraaten_Severijn
134	gaan	go	edie edie	1855	vonRosenberg
134	gaan	go		1854	Boewang
134	geven	give		1870	Francis
134	geven	give		1855	vdStraaten_Severijn
134	geven	give	pahe	1855	vonRosenberg
134	geven	give		1854	Boewang
134	groeten	regards		1870	Francis
134	groeten	regards	jeo	1855	vdStraaten_Severijn
134	groeten	regards		1855	vonRosenberg
134	groeten	regards		1854	Boewang
134	huilen	cry		1870	Francis
134	huilen	cry	belo belo	1855	vdStraaten_Severijn
134	huilen	cry	gewello wello	1855	vonRosenberg
134	huilen	cry		1854	Boewang
134	klimmen	climb	bahèlé	1870	Francis
134	klimmen	climb	belé	1855	vdStraaten_Severijn
134	klimmen	climb	kahij tjewé	1855	vonRosenberg
134	klimmen	climb		1854	Boewang
134	komen	come		1870	Francis
134	komen	come	kedja à	1855	vdStraaten_Severijn
134	komen	come	tawaweij	1855	vonRosenberg
134	komen	come		1854	Boewang
134	kooken	cook	faboehe	1870	Francis
134	kooken	cook		1855	vdStraaten_Severijn
134	kooken	cook	poero howi howi	1855	vonRosenberg
134	kooken	cook		1854	Boewang
134	koopen	buy		1870	Francis
134	koopen	buy	keboelie	1855	vdStraaten_Severijn
134	koopen	buy	pagehlie	1855	vonRosenberg
134	koopen	buy		1854	Boewang
134	kunnen	can		1870	Francis
134	kunnen	can	nape wakemaina	1855	vdStraaten_Severijn
134	kunnen	can	kaboha pimimei	1855	vonRosenberg
134	kunnen	can		1854	Boewang
134	lachen	laugh		1870	Francis
134	lachen	laugh	oeihoho	1855	vdStraaten_Severijn
134	lachen	laugh		1855	vonRosenberg
134	lachen	laugh		1854	Boewang
134	liegen	lie		1870	Francis
134	liegen	lie	paro paro	1855	vdStraaten_Severijn
134	liegen	lie	foro foro	1855	vonRosenberg
134	liegen	lie		1854	Boewang
134	loopen	walk	kekokoje	1870	Francis
134	loopen	walk	kepoepoea	1855	vdStraaten_Severijn
134	loopen	walk	jarapoerpoera	1855	vonRosenberg
134	loopen	walk		1854	Boewang
134	maken	make		1870	Francis
134	maken	make	pafrioe	1855	vdStraaten_Severijn
134	maken	make	paparé é tjé	1855	vonRosenberg
134	maken	make		1854	Boewang
135	nemen	take		1870	Francis
135	nemen	take		1855	vdStraaten_Severijn
135	nemen	take	dedojé é	1855	vonRosenberg
135	nemen	take		1854	Boewang
135	openen	open		1870	Francis
135	openen	open	boekai	1855	vdStraaten_Severijn
135	openen	open		1855	vonRosenberg
135	openen	open		1854	Boewang
135	roeien	row		1870	Francis
135	roeien	row		1855	vdStraaten_Severijn
135	roeien	row	oetjie	1855	vonRosenberg
135	roeien	row		1854	Boewang
135	ruiken	smell		1870	Francis
135	ruiken	smell	hanna	1855	vdStraaten_Severijn
135	ruiken	smell		1855	vonRosenberg
135	ruiken	smell		1854	Boewang
135	ruilen	exchange		1870	Francis
135	ruilen	exchange	pekelie	1855	vdStraaten_Severijn
135	ruilen	exchange	kewo boboheij	1855	vonRosenberg
135	ruilen	exchange		1854	Boewang
135	schenken (geven)	pour (give)		1870	Francis
135	schenken (geven)	pour (give)	pekelie	1855	vdStraaten_Severijn
135	schenken (geven)	pour (give)	pemanabo	1855	vonRosenberg
135	schenken (geven)	pour (give)		1854	Boewang
135	schieten	shoot		1870	Francis
135	schieten	shoot	poeroebo	1855	vdStraaten_Severijn
135	schieten	shoot		1855	vonRosenberg
135	schieten	shoot		1854	Boewang
135	slapen	sleep	ebawoehe	1870	Francis
135	slapen	sleep	panakoe	1855	vdStraaten_Severijn
135	slapen	sleep	fanakoe	1855	vonRosenberg
135	slapen	sleep		1854	Boewang
135	snijden	cut		1870	Francis
135	snijden	cut	poeroe	1855	vdStraaten_Severijn
135	snijden	cut	poeroe	1855	vonRosenberg
135	snijden	cut		1854	Boewang
135	spreken	speak		1870	Francis
135	spreken	speak	pakoena	1855	vdStraaten_Severijn
135	spreken	speak	paganan	1855	vonRosenberg
135	spreken	speak		1854	Boewang
135	staan	stand	kaènoe	1870	Francis
135	staan	stand	heheloe	1855	vdStraaten_Severijn
135	staan	stand	jaramatrego	1855	vonRosenberg
135	staan	stand		1854	Boewang
135	stelen	steal		1870	Francis
135	stelen	steal	pabeha	1855	vdStraaten_Severijn
135	stelen	steal		1855	vonRosenberg
135	stelen	steal		1854	Boewang
135	trouwen	marry		1870	Francis
135	trouwen	marry	kapanano	1855	vdStraaten_Severijn
135	trouwen	marry		1855	vonRosenberg
135	trouwen	marry		1854	Boewang
135	vechten	fight		1870	Francis
135	vechten	fight	papoeroe	1855	vdStraaten_Severijn
135	vechten	fight	paoea oea	1855	vonRosenberg
135	vechten	fight		1854	Boewang
135	vergeten	forget		1870	Francis
135	vergeten	forget	kapieho	1855	vdStraaten_Severijn
135	vergeten	forget		1855	vonRosenberg
135	vergeten	forget		1854	Boewang
135	verkoopen	sell		1870	Francis
135	verkoopen	sell	bolie	1855	vdStraaten_Severijn
135	verkoopen	sell		1855	vonRosenberg
135	verkoopen	sell		1854	Boewang
135	visschen	fishing		1870	Francis
135	visschen	fishing	penono kiro	1855	vdStraaten_Severijn
135	visschen	fishing	vatjekwau	1855	vonRosenberg
135	visschen	fishing		1854	Boewang
135	volgen	follow		1870	Francis
135	volgen	follow		1855	vdStraaten_Severijn
135	volgen	follow	gaheita	1855	vonRosenberg
135	volgen	follow		1854	Boewang
135	vragen	ask		1870	Francis
135	vragen	ask	behoko pakenauw	1855	vdStraaten_Severijn
135	vragen	ask		1855	vonRosenberg
135	vragen	ask		1854	Boewang
135	vreezen	fear		1870	Francis
135	vreezen	fear	niki niki	1855	vdStraaten_Severijn
135	vreezen	fear	taniki niki	1855	vonRosenberg
135	vreezen	fear		1854	Boewang
135	wachten	wait	momo	1870	Francis
135	wachten	wait	nahapai	1855	vdStraaten_Severijn
135	wachten	wait	nahafe	1855	vonRosenberg
135	wachten	wait		1854	Boewang
135	wenschen	wishes		1870	Francis
135	wenschen	wishes	kapie apienjo	1855	vdStraaten_Severijn
135	wenschen	wishes		1855	vonRosenberg
135	wenschen	wishes		1854	Boewang
135	werken	work		1870	Francis
135	werken	work	paporie	1855	vdStraaten_Severijn
135	werken	work		1855	vonRosenberg
135	werken	work		1854	Boewang
135	willen	want		1870	Francis
135	willen	want	kopie apienjo	1855	vdStraaten_Severijn
135	willen	want	popo ej	1855	vonRosenberg
135	willen	want		1854	Boewang
135	zien	see		1870	Francis
135	zien	see	pipinaai	1855	vdStraaten_Severijn
135	zien	see	pepinej	1855	vonRosenberg
135	zien	see		1854	Boewang
135	zijn	are		1870	Francis
135	zijn	are	kekia	1855	vdStraaten_Severijn
135	zijn	are		1855	vonRosenberg
135	zijn	are		1854	Boewang
135	zingen	sing		1870	Francis
135	zingen	sing	hora	1855	vdStraaten_Severijn
135	zingen	sing		1855	vonRosenberg
135	zingen	sing		1854	Boewang
135	zitten	sit	hèkoe	1870	Francis
135	zitten	sit	meheko	1855	vdStraaten_Severijn
135	zitten	sit	matrego	1855	vonRosenberg
135	zitten	sit		1854	Boewang
135	zoeken	search		1870	Francis
135	zoeken	search	penoenaai	1855	vdStraaten_Severijn
135	zoeken	search		1855	vonRosenberg
135	zoeken	search		1854	Boewang
136	zwemmen	swim	kaäke	1870	Francis
136	zwemmen	swim	pakiea	1855	vdStraaten_Severijn
136	zwemmen	swim	poeroe lewo lewo	1855	vonRosenberg
136	zwemmen	swim		1854	Boewang
136	1	1	kahaie	1870	Francis
136	1	1	egaij	1855	vdStraaten_Severijn
136	1	1	daheij , dahei	1855	vonRosenberg
136	1	1		1854	Boewang
136	2	2	adoea	1870	Francis
136	2	2	adoea	1855	vdStraaten_Severijn
136	2	2	adoea	1855	vonRosenberg
136	2	2	adoea	1854	Boewang
136	3	3	akoloe	1870	Francis
136	3	3	koloe	1855	vdStraaten_Severijn
136	3	3	agoloe	1855	vonRosenberg
136	3	3	akoloe	1854	Boewang
136	4	4	afa	1870	Francis
136	4	4	afa	1855	vdStraaten_Severijn
136	4	4	aopa	1855	vonRosenberg
136	4	4	ampapa	1854	Boewang
136	5	5	aliema	1870	Francis
136	5	5	lieba	1855	vdStraaten_Severijn
136	5	5	aliema	1855	vonRosenberg
136	5	5	aliema	1854	Boewang
136	6	6	kaikiene	1870	Francis
136	6	6	akeno	1855	vdStraaten_Severijn
136	6	6	akiaknio , akiakia	1855	vonRosenberg
136	6	6	akie akiena	1854	Boewang
136	7	7	alima é adoea	1870	Francis
136	7	7	lieba doea	1855	vdStraaten_Severijn
136	7	7	aliema adoe , aliemei adoea	1855	vonRosenberg
136	7	7	aliema adoea	1854	Boewang
136	8	8	afa é afa	1870	Francis
136	8	8	afa afa	1855	vdStraaten_Severijn
136	8	8	<5 + 3> aliema agoloe , alimei agoloe	1855	vonRosenberg
136	8	8	apa joepa	1854	Boewang
136	9 (5+4)	9 (5+4)	aliema é afa	1870	Francis
136	9 (5+4)	9 (5+4)	lieba afa	1855	vdStraaten_Severijn
136	9 (5+4)	9 (5+4)	aliema aopa , alimei aopa	1855	vonRosenberg
136	9 (5+4)	9 (5+4)		1854	Boewang
136	10	10	kahafoeloe	1870	Francis
136	10	10	tapoeloe	1855	vdStraaten_Severijn
136	10	10	tahapoeloe	1855	vonRosenberg
136	10	10	<4 + 4 + 2> apa apa adoea	1854	Boewang
136	11 (10+1)	11 (10+1)	kahafoeloe é kahaie	1870	Francis
136	11 (10+1)	11 (10+1)		1855	vdStraaten_Severijn
136	11 (10+1)	11 (10+1)		1855	vonRosenberg
136	11 (10+1)	11 (10+1)		1854	Boewang
136	12 (10+2)	12 (10+2)	kahafoeloe é adoea	1870	Francis
136	12 (10+2)	12 (10+2)		1855	vdStraaten_Severijn
136	12 (10+2)	12 (10+2)		1855	vonRosenberg
136	12 (10+2)	12 (10+2)		1854	Boewang
136	13 (10+3)	13 (10+3)	kahafoeloe é akoloe	1870	Francis
136	13 (10+3)	13 (10+3)		1855	vdStraaten_Severijn
136	13 (10+3)	13 (10+3)		1855	vonRosenberg
136	13 (10+3)	13 (10+3)		1854	Boewang
136	14 (10+4)	14 (10+4)	kahafoeloe é afa	1870	Francis
136	14 (10+4)	14 (10+4)		1855	vdStraaten_Severijn
136	14 (10+4)	14 (10+4)		1855	vonRosenberg
136	14 (10+4)	14 (10+4)		1854	Boewang
136	15 (10+5)	15 (10+5)	kahafoeloe é aliema	1870	Francis
136	15 (10+5)	15 (10+5)		1855	vdStraaten_Severijn
136	15 (10+5)	15 (10+5)	tahapoeloe alima	1855	vonRosenberg
136	15 (10+5)	15 (10+5)		1854	Boewang
136	20 (1.20)	20 (1.20)	kahaie takka	1870	Francis
136	20 (1.20)	20 (1.20)		1855	vdStraaten_Severijn
136	20 (1.20)	20 (1.20)	kahei taka	1855	vonRosenberg
136	20 (1.20)	20 (1.20)		1854	Boewang
136	30 (1.20 + 10)	30 (1.20 + 10)	kahaie takka é kahafoeloe	1870	Francis
136	30 (1.20 + 10)	30 (1.20 + 10)		1855	vdStraaten_Severijn
136	30 (1.20 + 10)	30 (1.20 + 10)	kahei taka tahapoeloe	1855	vonRosenberg
136	30 (1.20 + 10)	30 (1.20 + 10)		1854	Boewang
136	40 (2.20)	40 (2.20)	adoea takka	1870	Francis
136	40 (2.20)	40 (2.20)		1855	vdStraaten_Severijn
136	40 (2.20)	40 (2.20)	adoeei taka	1855	vonRosenberg
136	40 (2.20)	40 (2.20)		1854	Boewang
136	50 (2.20 + 10)	50 (2.20 + 10)	adoea takka é kahafoeloe	1870	Francis
136	50 (2.20 + 10)	50 (2.20 + 10)		1855	vdStraaten_Severijn
136	50 (2.20 + 10)	50 (2.20 + 10)	adoeei taka tahapoeloe	1855	vonRosenberg
136	50 (2.20 + 10)	50 (2.20 + 10)		1854	Boewang
136	60 (3.20)	60 (3.20)	akoloe takka	1870	Francis
136	60 (3.20)	60 (3.20)		1855	vdStraaten_Severijn
136	60 (3.20)	60 (3.20)	akoloe taka	1855	vonRosenberg
136	60 (3.20)	60 (3.20)		1854	Boewang
136	70 (3.20+10)	70 (3.20+10)	akoloe takka é kahafoeloe	1870	Francis
136	70 (3.20+10)	70 (3.20+10)		1855	vdStraaten_Severijn
136	70 (3.20+10)	70 (3.20+10)	akoloe taka tahapoeloe	1855	vonRosenberg
136	70 (3.20+10)	70 (3.20+10)		1854	Boewang
136	80 (4.20)	80 (4.20)	afa takka	1870	Francis
136	80 (4.20)	80 (4.20)		1855	vdStraaten_Severijn
136	80 (4.20)	80 (4.20)	aopeia taka	1855	vonRosenberg
136	80 (4.20)	80 (4.20)		1854	Boewang
136	90 (4.20+10)	90 (4.20+10)	afa takka é kahafoeloe	1870	Francis
136	90 (4.20+10)	90 (4.20+10)		1855	vdStraaten_Severijn
136	90 (4.20+10)	90 (4.20+10)	aopeia taka tahapoeloe	1855	vonRosenberg
136	90 (4.20+10)	90 (4.20+10)		1854	Boewang
136	100 (5.20)	100 (5.20)	aliema takka	1870	Francis
136	100 (5.20)	100 (5.20)		1855	vdStraaten_Severijn
136	100 (5.20)	100 (5.20)	alimei taka	1855	vonRosenberg
136	100 (5.20)	100 (5.20)	<50 = 2.20 + 10 ; confusion from Boewang>adoea taka tapoeloe	1854	Boewang
136	200 (10.20)	200 (10.20)	kahafoeloe takka	1870	Francis
136	200 (10.20)	200 (10.20)		1855	vdStraaten_Severijn
136	200 (10.20)	200 (10.20)		1855	vonRosenberg
136	200 (10.20)	200 (10.20)	<100 = 5.20 ; confusion from Boewang>aliema takka	1854	Boewang
137	300 (10.20+5.20)	300 (10.20+5.20)	kahafoeloe takka é aliema taka	1870	Francis
137	300 (10.20+5.20)	300 (10.20+5.20)		1855	vdStraaten_Severijn
137	300 (10.20+5.20)	300 (10.20+5.20)		1855	vonRosenberg
137	300 (10.20+5.20)	300 (10.20+5.20)	<7 or 10 = 5 + 2 or 5.2 ; confusion from Boewang>aliema adoea	1854	Boewang
137	400 (1.400)	400 (1.400)	kahaie kododoka	1870	Francis
137	400 (1.400)	400 (1.400)		1855	vdStraaten_Severijn
137	400 (1.400)	400 (1.400)		1855	vonRosenberg
137	400 (1.400)	400 (1.400)	<200 = 10.20 ; confusion from Boewang>tapoeloe takka	1854	Boewang
137	500 (1.400+5.20)	500 (1.400+5.20)	kahaie kododoka é aliema takka	1870	Francis
137	500 (1.400+5.20)	500 (1.400+5.20)		1855	vdStraaten_Severijn
137	500 (1.400+5.20)	500 (1.400+5.20)		1855	vonRosenberg
137	500 (1.400+5.20)	500 (1.400+5.20)	<250 = 10.20 + 2.20 + 10 ; confusion from Boewang>tapoeloe takka adoea takka tapoeloe	1854	Boewang
137	600 (1.400+10.20)	600 (1.400+10.20)	kahaie kododoka é kahafoeloe takka	1870	Francis
137	600 (1.400+10.20)	600 (1.400+10.20)		1855	vdStraaten_Severijn
137	600 (1.400+10.20)	600 (1.400+10.20)		1855	vonRosenberg
137	600 (1.400+10.20)	600 (1.400+10.20)	<confusion from Boewang>tapoeloe akat takka tapoeloe	1854	Boewang
137	700 (1.400+10.20+5.20)	700 (1.400+10.20+5.20)	kahaie kododoka é kahafoeloe takka é aliema takka	1870	Francis
137	700 (1.400+10.20+5.20)	700 (1.400+10.20+5.20)		1855	vdStraaten_Severijn
137	700 (1.400+10.20+5.20)	700 (1.400+10.20+5.20)		1855	vonRosenberg
137	700 (1.400+10.20+5.20)	700 (1.400+10.20+5.20)		1854	Boewang
137	800 (2.400)	800 (2.400)	adoea kododoka	1870	Francis
137	800 (2.400)	800 (2.400)		1855	vdStraaten_Severijn
137	800 (2.400)	800 (2.400)		1855	vonRosenberg
137	800 (2.400)	800 (2.400)		1854	Boewang
137	900 (2.400+5.20)	900 (2.400+5.20)	adoea kododoka é aliema takka	1870	Francis
137	900 (2.400+5.20)	900 (2.400+5.20)		1855	vdStraaten_Severijn
137	900 (2.400+5.20)	900 (2.400+5.20)		1855	vonRosenberg
137	900 (2.400+5.20)	900 (2.400+5.20)		1854	Boewang
137	1000 (2.400+10.20)	1000 (2.400+10.20)	adoea kododoka é kahafoeloe takka	1870	Francis
137	1000 (2.400+10.20)	1000 (2.400+10.20)		1855	vdStraaten_Severijn
137	1000 (2.400+10.20)	1000 (2.400+10.20)		1855	vonRosenberg
137	1000 (2.400+10.20)	1000 (2.400+10.20)	<1.400.2 + 20.10>kahai kadoeadoeka adoea taka tapoeloe	1854	Boewang
137	1100 (2.400+10.20+5.20)	1100 (2.400+10.20+5.20)	adoea kododoka é kahafoeloe takka é aliema takka	1870	Francis
137	1100 (2.400+10.20+5.20)	1100 (2.400+10.20+5.20)		1855	vdStraaten_Severijn
137	1100 (2.400+10.20+5.20)	1100 (2.400+10.20+5.20)		1855	vonRosenberg
137	1100 (2.400+10.20+5.20)	1100 (2.400+10.20+5.20)		1854	Boewang
137	1200 (3.400)	1200 (3.400)	akoloe kododoka	1870	Francis
137	1200 (3.400)	1200 (3.400)		1855	vdStraaten_Severijn
137	1200 (3.400)	1200 (3.400)		1855	vonRosenberg
137	1200 (3.400)	1200 (3.400)		1854	Boewang
137	1300 (3.400+5.20)	1300 (3.400+5.20)	akoloe kododoka é aliema takka	1870	Francis
137	1300 (3.400+5.20)	1300 (3.400+5.20)		1855	vdStraaten_Severijn
137	1300 (3.400+5.20)	1300 (3.400+5.20)		1855	vonRosenberg
137	1300 (3.400+5.20)	1300 (3.400+5.20)		1854	Boewang
137	1400 (3.400+10.20)	1400 (3.400+10.20)	akoloe kododoka é kahafoeloe takka	1870	Francis
137	1400 (3.400+10.20)	1400 (3.400+10.20)		1855	vdStraaten_Severijn
137	1400 (3.400+10.20)	1400 (3.400+10.20)		1855	vonRosenberg
137	1400 (3.400+10.20)	1400 (3.400+10.20)		1854	Boewang
137	1500 (3.400+10.20+5.20)	1500 (3.400+10.20+5.20)	akoloe kododoka é kahafoeloe takka é aliema takka	1870	Francis
137	1500 (3.400+10.20+5.20)	1500 (3.400+10.20+5.20)		1855	vdStraaten_Severijn
137	1500 (3.400+10.20+5.20)	1500 (3.400+10.20+5.20)		1855	vonRosenberg
137	1500 (3.400+10.20+5.20)	1500 (3.400+10.20+5.20)		1854	Boewang
137	1600 (4.400)	1600 (4.400)	afa kododoka	1870	Francis
137	1600 (4.400)	1600 (4.400)		1855	vdStraaten_Severijn
137	1600 (4.400)	1600 (4.400)		1855	vonRosenberg
137	1600 (4.400)	1600 (4.400)		1854	Boewang
